Category,Skill
IT,.NET Core
IT,AWS Athena
IT,AWS Backup
IT,AWS CDK
IT,AWS CloudFormation
IT,AWS CloudFront
IT,AWS CloudWatch
IT,AWS DynamoDB
IT,AWS EC2
IT,AWS EKS
IT,AWS Fargate
IT,AWS Glue
IT,AWS GuardDuty
IT,AWS IAM
IT,AWS Kinesis
IT,AWS Lambda
IT,AWS QuickSight
IT,AWS RDS
IT,AWS Redshift
IT,AWS Route 53
IT,AWS S3
IT,AWS SageMaker
IT,AWS Secrets Manager
IT,AWS Shield
IT,AWS VPC
IT,AWS WAF
IT,Advanced .NET Core
IT,Advanced AWS Backup
IT,Advanced AWS CDK
IT,Advanced AWS CloudFormation
IT,Advanced AWS CloudWatch
IT,Advanced AWS DynamoDB
IT,Advanced AWS EC2
IT,Advanced AWS Fargate
IT,Advanced AWS Glue
IT,Advanced AWS GuardDuty
IT,Advanced AWS Kinesis
IT,Advanced AWS Lambda
IT,Advanced AWS QuickSight
IT,Advanced AWS Redshift
IT,Advanced AWS Route 53
IT,Advanced AWS S3
IT,Advanced AWS Secrets Manager
IT,Advanced AWS Shield
IT,Advanced AWS VPC
IT,Advanced Agile Methodology
IT,Advanced Angular
IT,Advanced Ansible
IT,Advanced Azure AKS
IT,Advanced Azure API Management
IT,Advanced Azure App Service
IT,Advanced Azure Backup
IT,Advanced Azure Blob Storage
IT,Advanced Azure Cosmos DB
IT,Advanced Azure Databricks
IT,Advanced Azure DevOps
IT,Advanced Azure Firewall
IT,Advanced Azure Functions
IT,Advanced Azure Key Vault
IT,Advanced Azure Logic Apps
IT,Advanced Azure SQL Database
IT,Advanced Azure Site Recovery
IT,Advanced Azure Synapse
IT,Advanced Bitbucket
IT,Advanced C#
IT,Advanced C++
IT,Advanced Cassandra
IT,Advanced Chef
IT,Advanced Cypress
IT,Advanced Django
IT,Advanced Docker
IT,Advanced DynamoDB
IT,Advanced Express.js
IT,Advanced FastAPI
IT,Advanced Flask
IT,Advanced GCP AutoML
IT,Advanced GCP BigQuery
IT,Advanced GCP Cloud CDN
IT,Advanced GCP Cloud Functions
IT,Advanced GCP Cloud Storage
IT,Advanced GCP Compute Engine
IT,Advanced GCP Firestore
IT,Advanced GCP Kubernetes Engine
IT,Advanced GCP Secret Manager
IT,Advanced GCP Spanner
IT,Advanced GitHub Actions
IT,Advanced GitLab CI/CD
IT,Advanced Helm
IT,Advanced JUnit
IT,Advanced JavaScript
IT,Advanced Jenkins
IT,Advanced Kotlin Multiplatform
IT,Advanced Kubernetes
IT,Advanced Loki
IT,Advanced Mercurial
IT,Advanced New Relic
IT,Advanced Next.js
IT,Advanced PHP
IT,Advanced Penetration Testing
IT,Advanced Pulumi
IT,Advanced Puppet
IT,Advanced R
IT,Advanced Rails
IT,Advanced Redis
IT,Advanced Robot Framework
IT,Advanced SQLite
IT,Advanced SVN
IT,Advanced Scrum
IT,Advanced Selenium
IT,Advanced Splunk
IT,Advanced Spring Boot
IT,Advanced SwiftUI
IT,Advanced Terraform
IT,Advanced Zero Trust Architecture
IT,Advanced Zipkin
IT,Agile Methodology
IT,Angular
IT,Ansible
IT,ArgoCD
IT,Azure AKS
IT,Azure API Management
IT,Azure App Service
IT,Azure Arc
IT,Azure Backup
IT,Azure Blob Storage
IT,Azure Cosmos DB
IT,Azure Data Factory
IT,Azure Databricks
IT,Azure DevOps
IT,Azure Firewall
IT,Azure Front Door
IT,Azure Functions
IT,Azure Key Vault
IT,Azure Logic Apps
IT,Azure Monitor
IT,Azure SQL Database
IT,Azure Site Recovery
IT,Azure Synapse
IT,Azure Virtual Machines
IT,Bitbucket
IT,C#
IT,C++
IT,CDN
IT,Cassandra
IT,Certified .NET Core
IT,Certified AWS Athena
IT,Certified AWS Backup
IT,Certified AWS CloudFormation
IT,Certified AWS CloudFront
IT,Certified AWS CloudWatch
IT,Certified AWS EC2
IT,Certified AWS EKS
IT,Certified AWS Fargate
IT,Certified AWS GuardDuty
IT,Certified AWS IAM
IT,Certified AWS Kinesis
IT,Certified AWS QuickSight
IT,Certified AWS RDS
IT,Certified AWS Redshift
IT,Certified AWS S3
IT,Certified AWS SageMaker
IT,Certified AWS Secrets Manager
IT,Certified AWS VPC
IT,Certified AWS WAF
IT,Certified Agile Methodology
IT,Certified Ansible
IT,Certified ArgoCD
IT,Certified Azure AKS
IT,Certified Azure App Service
IT,Certified Azure Arc
IT,Certified Azure Backup
IT,Certified Azure Cosmos DB
IT,Certified Azure Data Factory
IT,Certified Azure Databricks
IT,Certified Azure Firewall
IT,Certified Azure Front Door
IT,Certified Azure Functions
IT,Certified Azure Logic Apps
IT,Certified Azure Monitor
IT,Certified Azure SQL Database
IT,Certified Azure Synapse
IT,Certified Azure Virtual Machines
IT,Certified Bitbucket
IT,Certified C++
IT,Certified CDN
IT,Certified Cassandra
IT,Certified Cypress
IT,Certified Datadog
IT,Certified Django
IT,Certified DynamoDB
IT,Certified ELK Stack
IT,Certified Express.js
IT,Certified Flask
IT,Certified Flutter
IT,Certified GCP Anthos
IT,Certified GCP Cloud Armor
IT,Certified GCP Cloud Build
IT,Certified GCP Cloud Run
IT,Certified GCP Cloud SQL
IT,Certified GCP Dataflow
IT,Certified GCP Dataproc
IT,Certified GCP Operations Suite
IT,Certified GCP Pub/Sub
IT,Certified GCP Vertex AI
IT,Certified Git
IT,Certified Go
IT,Certified Grafana
IT,Certified Jaeger
IT,Certified Java
IT,Certified Kanban
IT,Certified Kotlin
IT,Certified Laravel
IT,Certified Load Balancing
IT,Certified MongoDB
IT,Certified MySQL
IT,Certified Nuxt.js
IT,Certified OWASP Top 10
IT,Certified PostgreSQL
IT,Certified Prometheus
IT,Certified PyTest
IT,Certified Python
IT,Certified React
IT,Certified React Native
IT,Certified Ruby
IT,Certified Rust
IT,Certified SaltStack
IT,Certified Scala
IT,Certified Site Reliability Engineering
IT,Certified Snowflake
IT,Certified Svelte
IT,Certified Swift
IT,Certified TypeScript
IT,Certified Vue.js
IT,Chef
IT,Cypress
IT,Datadog
IT,Django
IT,Docker
IT,DynamoDB
IT,ELK Stack
IT,Enterprise AWS Athena
IT,Enterprise AWS Backup
IT,Enterprise AWS CDK
IT,Enterprise AWS CloudFront
IT,Enterprise AWS CloudWatch
IT,Enterprise AWS DynamoDB
IT,Enterprise AWS EKS
IT,Enterprise AWS Fargate
IT,Enterprise AWS Glue
IT,Enterprise AWS IAM
IT,Enterprise AWS Kinesis
IT,Enterprise AWS Lambda
IT,Enterprise AWS RDS
IT,Enterprise AWS Redshift
IT,Enterprise AWS Route 53
IT,Enterprise AWS SageMaker
IT,Enterprise AWS Secrets Manager
IT,Enterprise AWS Shield
IT,Enterprise AWS WAF
IT,Enterprise Agile Methodology
IT,Enterprise Angular
IT,Enterprise ArgoCD
IT,Enterprise Azure AKS
IT,Enterprise Azure API Management
IT,Enterprise Azure Arc
IT,Enterprise Azure Backup
IT,Enterprise Azure Blob Storage
IT,Enterprise Azure Data Factory
IT,Enterprise Azure Databricks
IT,Enterprise Azure DevOps
IT,Enterprise Azure Front Door
IT,Enterprise Azure Functions
IT,Enterprise Azure Key Vault
IT,Enterprise Azure Monitor
IT,Enterprise Azure SQL Database
IT,Enterprise Azure Site Recovery
IT,Enterprise Azure Virtual Machines
IT,Enterprise Bitbucket
IT,Enterprise C#
IT,Enterprise CDN
IT,Enterprise Cassandra
IT,Enterprise Chef
IT,Enterprise Datadog
IT,Enterprise Django
IT,Enterprise Docker
IT,Enterprise ELK Stack
IT,Enterprise Express.js
IT,Enterprise FastAPI
IT,Enterprise GCP Anthos
IT,Enterprise GCP AutoML
IT,Enterprise GCP Cloud Build
IT,Enterprise GCP Cloud CDN
IT,Enterprise GCP Cloud SQL
IT,Enterprise GCP Cloud Storage
IT,Enterprise GCP Dataproc
IT,Enterprise GCP Firestore
IT,Enterprise GCP Pub/Sub
IT,Enterprise GCP Secret Manager
IT,Enterprise Git
IT,Enterprise GitHub Actions
IT,Enterprise Grafana
IT,Enterprise Helm
IT,Enterprise Java
IT,Enterprise JavaScript
IT,Enterprise Kotlin
IT,Enterprise Kotlin Multiplatform
IT,Enterprise Load Balancing
IT,Enterprise Loki
IT,Enterprise MySQL
IT,Enterprise New Relic
IT,Enterprise OWASP Top 10
IT,Enterprise PHP
IT,Enterprise Prometheus
IT,Enterprise Pulumi
IT,Enterprise Python
IT,Enterprise R
IT,Enterprise React Native
IT,Enterprise Redis
IT,Enterprise Rust
IT,Enterprise SQLite
IT,Enterprise Scala
IT,Enterprise Scrum
IT,Enterprise Snowflake
IT,Enterprise Splunk
IT,Enterprise Swift
IT,Enterprise SwiftUI
IT,Enterprise Vue.js
IT,Enterprise Zero Trust Architecture
IT,Expert .NET Core
IT,Expert AWS Athena
IT,Expert AWS CDK
IT,Expert AWS CloudFormation
IT,Expert AWS CloudFront
IT,Expert AWS DynamoDB
IT,Expert AWS EC2
IT,Expert AWS EKS
IT,Expert AWS Glue
IT,Expert AWS GuardDuty
IT,Expert AWS IAM
IT,Expert AWS Lambda
IT,Expert AWS QuickSight
IT,Expert AWS RDS
IT,Expert AWS Route 53
IT,Expert AWS S3
IT,Expert AWS SageMaker
IT,Expert AWS Shield
IT,Expert AWS VPC
IT,Expert AWS WAF
IT,Expert Angular
IT,Expert Ansible
IT,Expert ArgoCD
IT,Expert Azure API Management
IT,Expert Azure App Service
IT,Expert Azure Arc
IT,Expert Azure Blob Storage
IT,Expert Azure Cosmos DB
IT,Expert Azure Data Factory
IT,Expert Azure DevOps
IT,Expert Azure Firewall
IT,Expert Azure Front Door
IT,Expert Azure Key Vault
IT,Expert Azure Logic Apps
IT,Expert Azure Monitor
IT,Expert Azure Site Recovery
IT,Expert Azure Synapse
IT,Expert Azure Virtual Machines
IT,Expert C#
IT,Expert C++
IT,Expert CDN
IT,Expert Chef
IT,Expert Cypress
IT,Expert Datadog
IT,Expert Docker
IT,Expert DynamoDB
IT,Expert ELK Stack
IT,Expert FastAPI
IT,Expert Flask
IT,Expert Flutter
IT,Expert GCP BigQuery
IT,Expert GCP Cloud Armor
IT,Expert GCP Cloud Functions
IT,Expert GCP Cloud Run
IT,Expert GCP Compute Engine
IT,Expert GCP Dataflow
IT,Expert GCP Kubernetes Engine
IT,Expert GCP Operations Suite
IT,Expert GCP Spanner
IT,Expert GCP Vertex AI
IT,Expert GitLab CI/CD
IT,Expert Go
IT,Expert JUnit
IT,Expert Jaeger
IT,Expert Jenkins
IT,Expert Kanban
IT,Expert Kubernetes
IT,Expert Laravel
IT,Expert Mercurial
IT,Expert MongoDB
IT,Expert Next.js
IT,Expert Nuxt.js
IT,Expert Penetration Testing
IT,Expert PostgreSQL
IT,Expert Puppet
IT,Expert PyTest
IT,Expert Rails
IT,Expert React
IT,Expert Robot Framework
IT,Expert Ruby
IT,Expert SVN
IT,Expert SaltStack
IT,Expert Selenium
IT,Expert Site Reliability Engineering
IT,Expert Spring Boot
IT,Expert Svelte
IT,Expert Terraform
IT,Expert TypeScript
IT,Expert Zipkin
IT,Express.js
IT,FastAPI
IT,Flask
IT,Flutter
IT,GCP Anthos
IT,GCP AutoML
IT,GCP BigQuery
IT,GCP Cloud Armor
IT,GCP Cloud Build
IT,GCP Cloud CDN
IT,GCP Cloud Functions
IT,GCP Cloud Run
IT,GCP Cloud SQL
IT,GCP Cloud Storage
IT,GCP Compute Engine
IT,GCP Dataflow
IT,GCP Dataproc
IT,GCP Firestore
IT,GCP Kubernetes Engine
IT,GCP Operations Suite
IT,GCP Pub/Sub
IT,GCP Secret Manager
IT,GCP Spanner
IT,GCP Vertex AI
IT,Git
IT,GitHub Actions
IT,GitLab CI/CD
IT,Go
IT,Grafana
IT,Helm
IT,JUnit
IT,Jaeger
IT,Java
IT,JavaScript
IT,Jenkins
IT,Kanban
IT,Kotlin
IT,Kotlin Multiplatform
IT,Kubernetes
IT,Laravel
IT,Load Balancing
IT,Loki
IT,Mercurial
IT,MongoDB
IT,MySQL
IT,New Relic
IT,Next.js
IT,Nuxt.js
IT,OWASP Top 10
IT,PHP
IT,Penetration Testing
IT,PostgreSQL
IT,Prometheus
IT,Pulumi
IT,Puppet
IT,PyTest
IT,Python
IT,R
IT,Rails
IT,React
IT,React Native
IT,Redis
IT,Robot Framework
IT,Ruby
IT,Rust
IT,SQLite
IT,SVN
IT,SaltStack
IT,Scala
IT,Scrum
IT,Selenium
IT,Site Reliability Engineering
IT,Snowflake
IT,Splunk
IT,Spring Boot
IT,Svelte
IT,Swift
IT,SwiftUI
IT,Terraform
IT,TypeScript
IT,Vue.js
IT,Zero Trust Architecture
IT,Zipkin
Business,Audit Management
Business,Audit Management Techniques
Business,Balanced Scorecard
Business,Balanced Scorecard Frameworks
Business,Blockchain Strategy
Business,Blockchain Strategy Principles
Business,Brand Analysis
Business,Brand Analysis Processes
Business,Brand Automation
Business,Brand Automation Techniques
Business,Brand Benchmarking
Business,Brand Benchmarking Frameworks
Business,Brand Communication
Business,Brand Communication Principles
Business,Brand Design
Business,Brand Design Processes
Business,Brand Development
Business,Brand Development Techniques
Business,Brand Forecasting
Business,Brand Forecasting Frameworks
Business,Brand Governance
Business,Brand Governance Principles
Business,Brand Innovation
Business,Brand Innovation Processes
Business,Brand Management
Business,Brand Management Techniques
Business,Brand Measurement
Business,Brand Measurement Frameworks
Business,Brand Modeling
Business,Brand Modeling Principles
Business,Brand Negotiation
Business,Brand Negotiation Processes
Business,Brand Optimization
Business,Brand Optimization Techniques
Business,Brand Planning
Business,Brand Planning Frameworks
Business,Brand Reporting
Business,Brand Reporting Principles
Business,Brand Strategy
Business,Brand Strategy Processes
Business,Budgeting
Business,Budgeting Techniques
Business,Business Analysis
Business,Business Analysis Frameworks
Business,Business Continuity Planning
Business,Business Continuity Planning Principles
Business,Business Intelligence
Business,Business Intelligence Processes
Business,Carbon Accounting
Business,Carbon Accounting Techniques
Business,Change Analysis
Business,Change Analysis Frameworks
Business,Change Automation
Business,Change Automation Principles
Business,Change Benchmarking
Business,Change Benchmarking Processes
Business,Change Communication
Business,Change Communication Techniques
Business,Change Design
Business,Change Design Frameworks
Business,Change Development
Business,Change Development Principles
Business,Change Forecasting
Business,Change Forecasting Processes
Business,Change Governance
Business,Change Governance Techniques
Business,Change Innovation
Business,Change Innovation Frameworks
Business,Change Management
Business,Change Management Principles
Business,Change Measurement
Business,Change Measurement Processes
Business,Change Modeling
Business,Change Modeling Techniques
Business,Change Negotiation
Business,Change Negotiation Frameworks
Business,Change Optimization
Business,Change Optimization Principles
Business,Change Planning
Business,Change Planning Processes
Business,Change Reporting
Business,Change Reporting Techniques
Business,Change Strategy
Business,Change Strategy Frameworks
Business,Churn Analysis
Business,Churn Analysis Principles
Business,Coaching
Business,Coaching Processes
Business,Compliance Analysis
Business,Compliance Analysis Techniques
Business,Compliance Automation
Business,Compliance Automation Frameworks
Business,Compliance Benchmarking
Business,Compliance Benchmarking Principles
Business,Compliance Communication
Business,Compliance Communication Processes
Business,Compliance Design
Business,Compliance Design Techniques
Business,Compliance Development
Business,Compliance Development Frameworks
Business,Compliance Forecasting
Business,Compliance Forecasting Principles
Business,Compliance Governance
Business,Compliance Governance Processes
Business,Compliance Innovation
Business,Compliance Innovation Techniques
Business,Compliance Management
Business,Compliance Management Frameworks
Business,Compliance Measurement
Business,Compliance Measurement Principles
Business,Compliance Modeling
Business,Compliance Modeling Processes
Business,Compliance Negotiation
Business,Compliance Negotiation Techniques
Business,Compliance Optimization
Business,Compliance Planning
Business,Compliance Reporting
Business,Compliance Strategy
Business,Content Marketing
Business,Contract Management
Business,Corporate Finance
Business,Corporate Social Responsibility
Business,Cost Accounting
Business,Cost Analysis
Business,Cost Automation
Business,Cost Benchmarking
Business,Cost Communication
Business,Cost Design
Business,Cost Development
Business,Cost Forecasting
Business,Cost Governance
Business,Cost Innovation
Business,Cost Management
Business,Cost Measurement
Business,Cost Modeling
Business,Cost Negotiation
Business,Cost Optimization
Business,Cost Planning
Business,Cost Reporting
Business,Cost Strategy
Business,Crisis Communication
Business,Crisis Management
Business,Crowdfunding Strategy
Business,Customer Acquisition
Business,Customer Analysis
Business,Customer Automation
Business,Customer Benchmarking
Business,Customer Communication
Business,Customer Design
Business,Customer Development
Business,Customer Forecasting
Business,Customer Governance
Business,Customer Innovation
Business,Customer Management
Business,Customer Measurement
Business,Customer Modeling
Business,Customer Negotiation
Business,Customer Optimization
Business,Customer Planning
Business,Customer Relationship Management
Business,Customer Reporting
Business,Customer Retention
Business,Customer Strategy
Business,Customer Success Management
Business,Dashboard Design
Business,Data Analysis
Business,Data Analytics
Business,Data Automation
Business,Data Benchmarking
Business,Data Communication
Business,Data Design
Business,Data Development
Business,Data Forecasting
Business,Data Governance
Business,Data Innovation
Business,Data Management
Business,Data Measurement
Business,Data Modeling
Business,Data Negotiation
Business,Data Optimization
Business,Data Planning
Business,Data Reporting
Business,Data Strategy
Business,Digital Analysis
Business,Digital Automation
Business,Digital Benchmarking
Business,Digital Communication
Business,Digital Design
Business,Digital Development
Business,Digital Forecasting
Business,Digital Governance
Business,Digital Innovation
Business,Digital Management
Business,Digital Marketing
Business,Digital Measurement
Business,Digital Modeling
Business,Digital Negotiation
Business,Digital Optimization
Business,Digital Payments
Business,Digital Planning
Business,Digital Reporting
Business,Digital Strategy
Business,Disaster Recovery Planning
Business,Dynamic Pricing
Business,E-commerce Management
Business,ERP Implementation
Business,ESG Reporting
Business,Employee Engagement
Business,Event Planning
Business,FinTech
Business,Financial Analysis
Business,Financial Automation
Business,Financial Benchmarking
Business,Financial Communication
Business,Financial Design
Business,Financial Development
Business,Financial Forecasting
Business,Financial Governance
Business,Financial Innovation
Business,Financial Management
Business,Financial Measurement
Business,Financial Modeling
Business,Financial Negotiation
Business,Financial Optimization
Business,Financial Planning
Business,Financial Reporting
Business,Financial Strategy
Business,Forecasting
Business,Fulfillment Strategy
Business,Global Expansion Strategy
Business,Governance
Business,HR Analysis
Business,HR Analytics
Business,HR Automation
Business,HR Benchmarking
Business,HR Communication
Business,HR Design
Business,HR Development
Business,HR Forecasting
Business,HR Governance
Business,HR Innovation
Business,HR Management
Business,HR Measurement
Business,HR Modeling
Business,HR Negotiation
Business,HR Optimization
Business,HR Planning
Business,HR Reporting
Business,HR Strategy
Business,Information Security Management
Business,Innovation Management
Business,Intellectual Property Management
Business,Internal Controls
Business,International Business
Business,KPI Development
Business,Leadership
Business,Leadership Analysis
Business,Leadership Automation
Business,Leadership Benchmarking
Business,Leadership Communication
Business,Leadership Design
Business,Leadership Development
Business,Leadership Forecasting
Business,Leadership Governance
Business,Leadership Innovation
Business,Leadership Management
Business,Leadership Measurement
Business,Leadership Modeling
Business,Leadership Negotiation
Business,Leadership Optimization
Business,Leadership Planning
Business,Leadership Reporting
Business,Leadership Strategy
Business,Lean Manufacturing
Business,Logistics Management
Business,Marketing Analysis
Business,Marketing Automation
Business,Marketing Benchmarking
Business,Marketing Communication
Business,Marketing Design
Business,Marketing Development
Business,Marketing Forecasting
Business,Marketing Governance
Business,Marketing Innovation
Business,Marketing Management
Business,Marketing Measurement
Business,Marketing Modeling
Business,Marketing Negotiation
Business,Marketing Optimization
Business,Marketing Planning
Business,Marketing Reporting
Business,Marketing Strategy
Business,Media Relations
Business,Mentoring
Business,Mergers and Acquisitions
Business,Negotiation
Business,OKR Management
Business,Omnichannel Strategy
Business,Open Banking
Business,Operational Analysis
Business,Operational Automation
Business,Operational Benchmarking
Business,Operational Communication
Business,Operational Design
Business,Operational Development
Business,Operational Forecasting
Business,Operational Governance
Business,Operational Innovation
Business,Operational Management
Business,Operational Measurement
Business,Operational Modeling
Business,Operational Negotiation
Business,Operational Optimization
Business,Operational Planning
Business,Operational Reporting
Business,Operational Strategy
Business,Operations Management
Business,Performance Analysis
Business,Performance Automation
Business,Performance Benchmarking
Business,Performance Communication
Business,Performance Design
Business,Performance Development
Business,Performance Forecasting
Business,Performance Governance
Business,Performance Innovation
Business,Performance Management
Business,Performance Measurement
Business,Performance Modeling
Business,Performance Negotiation
Business,Performance Optimization
Business,Performance Planning
Business,Performance Reporting
Business,Performance Strategy
Business,Portfolio Management
Business,Predictive Analytics
Business,Prescriptive Analytics
Business,Presentation Skills
Business,Pricing Strategy
Business,Process Analysis
Business,Process Automation
Business,Process Benchmarking
Business,Process Communication
Business,Process Design
Business,Process Development
Business,Process Forecasting
Business,Process Governance
Business,Process Improvement
Business,Process Innovation
Business,Process Management
Business,Process Measurement
Business,Process Modeling
Business,Process Negotiation
Business,Process Optimization
Business,Process Planning
Business,Process Reporting
Business,Process Strategy
Business,Procurement
Business,Product Analysis
Business,Product Automation
Business,Product Benchmarking
Business,Product Communication
Business,Product Design
Business,Product Development
Business,Product Forecasting
Business,Product Governance
Business,Product Innovation
Business,Product Management
Business,Product Measurement
Business,Product Modeling
Business,Product Negotiation
Business,Product Optimization
Business,Product Planning
Business,Product Reporting
Business,Product Strategy
Business,Program Management
Business,Project Analysis
Business,Project Automation
Business,Project Benchmarking
Business,Project Communication
Business,Project Design
Business,Project Development
Business,Project Forecasting
Business,Project Governance
Business,Project Innovation
Business,Project Management
Business,Project Measurement
Business,Project Modeling
Business,Project Negotiation
Business,Project Optimization
Business,Project Planning
Business,Project Reporting
Business,Project Strategy
Business,Public Relations
Business,Public Speaking
Business,Quality Analysis
Business,Quality Assurance
Business,Quality Automation
Business,Quality Benchmarking
Business,Quality Communication
Business,Quality Design
Business,Quality Development
Business,Quality Forecasting
Business,Quality Governance
Business,Quality Innovation
Business,Quality Management
Business,Quality Measurement
Business,Quality Modeling
Business,Quality Negotiation
Business,Quality Optimization
Business,Quality Planning
Business,Quality Reporting
Business,Quality Strategy
Business,Research and Development
Business,Risk Analysis
Business,Risk Automation
Business,Risk Benchmarking
Business,Risk Communication
Business,Risk Design
Business,Risk Development
Business,Risk Forecasting
Business,Risk Governance
Business,Risk Innovation
Business,Risk Management
Business,Risk Measurement
Business,Risk Modeling
Business,Risk Negotiation
Business,Risk Optimization
Business,Risk Planning
Business,Risk Reporting
Business,Risk Strategy
Business,Robotic Process Automation
Business,SaaS Metrics
Business,Sales Analysis
Business,Sales Automation
Business,Sales Benchmarking
Business,Sales Communication
Business,Sales Design
Business,Sales Development
Business,Sales Enablement
Business,Sales Forecasting
Business,Sales Governance
Business,Sales Innovation
Business,Sales Management
Business,Sales Measurement
Business,Sales Modeling
Business,Sales Negotiation
Business,Sales Optimization
Business,Sales Planning
Business,Sales Reporting
Business,Sales Strategy
Business,Search Engine Optimization
Business,Six Sigma
Business,Social Media Marketing
Business,Stakeholder Management
Business,Strategic Analysis
Business,Strategic Automation
Business,Strategic Benchmarking
Business,Strategic Communication
Business,Strategic Design
Business,Strategic Development
Business,Strategic Forecasting
Business,Strategic Governance
Business,Strategic Innovation
Business,Strategic Management
Business,Strategic Measurement
Business,Strategic Modeling
Business,Strategic Negotiation
Business,Strategic Optimization
Business,Strategic Planning
Business,Strategic Reporting
Business,Strategic Strategy
Business,Subscription Business Models
Business,Supply Chain Analysis
Business,Supply Chain Automation
Business,Supply Chain Benchmarking
Business,Supply Chain Communication
Business,Supply Chain Design
Business,Supply Chain Development
Business,Supply Chain Forecasting
Business,Supply Chain Governance
Business,Supply Chain Innovation
Business,Supply Chain Management
Business,Supply Chain Measurement
Business,Supply Chain Modeling
Business,Supply Chain Negotiation
Business,Supply Chain Optimization
Business,Supply Chain Planning
Business,Supply Chain Reporting
Business,Supply Chain Strategy
Business,Sustainability Strategy
Business,Talent Acquisition
Business,Tax Planning
Business,Team Building
Business,Total Quality Management
Business,Training and Development
Business,Valuation
Business,Value-Based Pricing
Business,Vendor Management
Business,Workflow Automation
